{
  "words": [
    {
      "zulu_word": "Sawubona",
      "english_translation": "Hello",
      "swati_translation": "Sawubona",
      "sotho_translation": "Lumela",
      "pronunciation_guide": "sah-woo-BOH-nah",
      "part_of_speech": "greeting",
      "cultural_context": "A common greeting meaning 'I see you'. It acknowledges the presence and humanity of the other person.",
      "example_sentence_zulu": "Sawubona, unjani?",
      "example_sentence_english": "Hello, how are you?",
      "example_sentence_swati": "Sawubona, unjani?",
      "example_sentence_sotho": "Lumela, u phela joang?"
    },
    {
      "zulu_word": "Hamba kahle",
      "english_translation": "Go well",
      "swati_translation": "Hamba kahle",
      "sotho_translation": "Tsamaea hantle",
      "pronunciation_guide": "HAHM-bah KAH-shleh",
      "part_of_speech": "farewell",
      "cultural_context": "A common farewell wishing someone a safe journey. The response is 'Sala kahle' (Stay well).",
      "example_sentence_zulu": "Hamba kahle, ngizokubona ekamelweni.",
      "example_sentence_english": "Go well, I will see you at home.",
      "example_sentence_swati": "Hamba kahle, ngitokubona ekhaya.",
      "example_sentence_sotho": "Tsamaea hantle, ke tla u bona hae."
    },
    {
      "zulu_word": "Ubuntu",
      "english_translation": "Humanity",
      "swati_translation": "Buntfu",
      "sotho_translation": "Botho",
      "pronunciation_guide": "oo-BOON-too",
      "part_of_speech": "noun",
      "cultural_context": "A philosophy emphasizing community, sharing, and interconnectedness. Often translated as 'I am because we are'.",
      "example_sentence_zulu": "Ubuntu buyindlela yokuphila emphakathini.",
      "example_sentence_english": "Ubuntu is a way of living in community.",
      "example_sentence_swati": "Buntfu buyindlela yekuphila emiphakatsini.",
      "example_sentence_sotho": "Botho ke mokhoa oa ho phela sechabeng."
    },
    {
      "zulu_word": "Imbeleko",
      "english_translation": "Traditional baby carrier",
      "swati_translation": "Imbeleko",
      "sotho_translation": "Thekeng",
      "pronunciation_guide": "im-beh-LEH-koh",
      "part_of_speech": "noun",
      "cultural_context": "A ceremony where a newborn is introduced to the ancestors. Also refers to the cloth used to carry babies.",
      "example_sentence_zulu": "Umntwana uphethwe ngembeleko esegazini.",
      "example_sentence_english": "The baby is carried with a cloth on the back.",
      "example_sentence_swati": "Umntfwana utsetfwelwa ngembeleko emhlane.",
      "example_sentence_sotho": "Lesea le tšoeroe ka thekeng mokokotlong."
    },
    {
      "zulu_word": "Indaba",
      "english_translation": "Meeting or conference",
      "swati_translation": "Indzaba",
      "sotho_translation": "Seboka",
      "pronunciation_guide": "in-DAH-bah",
      "part_of_speech": "noun",
      "cultural_context": "A gathering to discuss important matters. Traditionally, it was a meeting of elders to make community decisions.",
      "example_sentence_zulu": "Sizoba neNdaba enkulu ngesonto elizayo.",
      "example_sentence_english": "We will have a big meeting next week.",
      "example_sentence_swati": "Sitawuba nendzaba lenkhulu ngesonto lelitako.",
      "example_sentence_sotho": "Re tla ba le seboka se seholo bekeng e tlang."
    },
    {
      "zulu_word": "Inyoni",
      "english_translation": "Bird",
      "swati_translation": "Inyoni",
      "sotho_translation": "Nonyana",
      "pronunciation_guide": "in-YOH-nee",
      "part_of_speech": "noun",
      "cultural_context": "Birds often feature in Zulu folklore and are sometimes considered messengers or omens.",
      "example_sentence_zulu": "Inyoni ihlabela emini.",
      "example_sentence_english": "The bird sings during the day.",
      "example_sentence_swati": "Inyoni icula emini.",
      "example_sentence_sotho": "Nonyana e bina motšehare."
    },
    {
      "zulu_word": "Isidwaba",
      "english_translation": "Traditional skirt",
      "swati_translation": "Sidvaba",
      "sotho_translation": "Seaparo sa setso",
      "pronunciation_guide": "is-ee-DWAH-bah",
      "part_of_speech": "noun",
      "cultural_context": "A leather skirt worn by married Zulu women, often decorated with beads.",
      "example_sentence_zulu": "Isidwaba sibekwa ngamabala amahle.",
      "example_sentence_english": "The traditional skirt is decorated with beautiful patterns.",
      "example_sentence_swati": "Sidvaba sifakwa ngemabala lamahle.",
      "example_sentence_sotho": "Seaparo sa setso se khabisitsoe ka mebala e metle."
    },
    {
      "zulu_word": "Ukubonga",
      "english_translation": "To thank",
      "swati_translation": "Kubonga",
      "sotho_translation": "Ho leboha",
      "pronunciation_guide": "oo-koo-BOHN-gah",
      "part_of_speech": "verb",
      "cultural_context": "Expressing gratitude is important in Zulu culture, often extending beyond people to include ancestors.",
      "example_sentence_zulu": "Ngizokubonga ngosizo lwakho.",
      "example_sentence_english": "I will thank you for your help.",
      "example_sentence_swati": "Ngitawukubonga ngesita sakho.",
      "example_sentence_sotho": "Ke tla u leboha ka thuso ea hau."
    },
    {
      "zulu_word": "Inhliziyo",
      "english_translation": "Heart",
      "swati_translation": "Inhlitiyo",
      "sotho_translation": "Pelo",
      "pronunciation_guide": "in-hlee-ZEE-yoh",
      "part_of_speech": "noun",
      "cultural_context": "In Zulu culture, the heart represents emotions, courage, and the center of one's being.",
      "example_sentence_zulu": "Inhliziyo yami ibuhlungu.",
      "example_sentence_english": "My heart is sore (I am sad).",
      "example_sentence_swati": "Inhlitiyo yami ibuhlungu.",
      "example_sentence_sotho": "Pelo ea ka e bohloko."
    },
    {
      "zulu_word": "Ukudla",
      "english_translation": "Food",
      "swati_translation": "Kudla",
      "sotho_translation": "Lijo",
      "pronunciation_guide": "oo-KOOD-lah",
      "part_of_speech": "noun",
      "cultural_context": "Sharing food is an important part of Zulu culture and hospitality.",
      "example_sentence_zulu": "Sidla ukudla okumnandi.",
      "example_sentence_english": "We eat delicious food.",
      "example_sentence_swati": "Sidla kudla lokumnandi.",
      "example_sentence_sotho": "Re ja lijo tse monate."
    },
    {
      "zulu_word": "Umuzi",
      "english_translation": "Homestead",
      "swati_translation": "Umuti",
      "sotho_translation": "Lapa",
      "pronunciation_guide": "oo-MOO-zee",
      "part_of_speech": "noun",
      "cultural_context": "A traditional Zulu homestead consists of several huts arranged in a circle.",
      "example_sentence_zulu": "Umuzi wethu mkhulu.",
      "example_sentence_english": "Our homestead is big.",
      "example_sentence_swati": "Umuti wetfu mukhulu.",
      "example_sentence_sotho": "Lapa la rona le leholo."
    },
    {
      "zulu_word": "Inkomo",
      "english_translation": "Cow",
      "swati_translation": "Inkhomo",
      "sotho_translation": "Khomo",
      "pronunciation_guide": "in-KOH-moh",
      "part_of_speech": "noun",
      "cultural_context": "Cows are highly valued in Zulu culture, representing wealth and status.",
      "example_sentence_zulu": "Inkomo idla utshani.",
      "example_sentence_english": "The cow eats grass.",
      "example_sentence_swati": "Inkhomo idla lucwati.",
      "example_sentence_sotho": "Khomo e ja joang."
    },
    {
      "zulu_word": "Ukucula",
      "english_translation": "To sing",
      "swati_translation": "Kucula",
      "sotho_translation": "Ho bina",
      "pronunciation_guide": "oo-koo-CHOO-lah",
      "part_of_speech": "verb",
      "cultural_context": "Singing is an integral part of Zulu culture, used in ceremonies, celebrations, and storytelling.",
      "example_sentence_zulu": "Abantu bacula ingoma.",
      "example_sentence_english": "The people are singing a song.",
      "example_sentence_swati": "Bantfu bacula ingoma.",
      "example_sentence_sotho": "Batho ba bina pina."
    },
    {
      "zulu_word": "Isigqoko",
      "english_translation": "Hat",
      "swati_translation": "Sigqoko",
      "sotho_translation": "Katiba",
      "pronunciation_guide": "is-ee-GOH-koh",
      "part_of_speech": "noun",
      "cultural_context": "Traditional Zulu hats are often beautifully beaded and signify cultural identity.",
      "example_sentence_zulu": "Isigqoko sami sihle.",
      "example_sentence_english": "My hat is beautiful.",
      "example_sentence_swati": "Sigqoko sami sihle.",
      "example_sentence_sotho": "Katiba ea ka e ntle."
    },
    {
      "zulu_word": "Ukwelapha",
      "english_translation": "To heal",
      "swati_translation": "Kwelapha",
      "sotho_translation": "Ho folisa",
      "pronunciation_guide": "oo-kweh-LAH-pah",
      "part_of_speech": "verb",
      "cultural_context": "Traditional healing practices are respected in Zulu culture, often involving herbal medicine and spiritual guidance.",
      "example_sentence_zulu": "Inyanga iyelapha abagulayo.",
      "example_sentence_english": "The traditional healer heals the sick.",
      "example_sentence_swati": "Inyanga iyelapha labagula.",
      "example_sentence_sotho": "Ngaka ea setso e folisa ba kulang."
    },
    {
      "zulu_word": "Imbizo",
      "english_translation": "Gathering",
      "swati_translation": "Imbito",
      "sotho_translation": "Kopano",
      "pronunciation_guide": "im-BEE-zoh",
      "part_of_speech": "noun",
      "cultural_context": "A community gathering for discussion, decision-making, or celebration.",
      "example_sentence_zulu": "Sinenmbizo yomphakathi.",
      "example_sentence_english": "We have a community gathering.",
      "example_sentence_swati": "Sinenbito yemphakatsi.",
      "example_sentence_sotho": "Re na le kopano ea sechaba."
    },
    {
      "zulu_word": "Ukusiza",
      "english_translation": "To help",
      "swati_translation": "Kusita",
      "sotho_translation": "Ho thusa",
      "pronunciation_guide": "oo-koo-SEE-zah",
      "part_of_speech": "verb",
      "cultural_context": "Community support and helping others is a core value in Zulu culture.",
      "example_sentence_zulu": "Ngizokusiza wena.",
      "example_sentence_english": "I will help you.",
      "example_sentence_swati": "Ngitokusita wena.",
      "example_sentence_sotho": "Ke tla u thusa."
    },
    {
      "zulu_word": "Isibongo",
      "english_translation": "Clan name",
      "swati_translation": "Sibongo",
      "sotho_translation": "Seboko",
      "pronunciation_guide": "is-ee-BOHN-goh",
      "part_of_speech": "noun",
      "cultural_context": "Clan names are important in Zulu culture, connecting individuals to their ancestry and heritage.",
      "example_sentence_zulu": "Isibongo sakho siyini?",
      "example_sentence_english": "What is your clan name?",
      "example_sentence_swati": "Sibongo sakho siyini?",
      "example_sentence_sotho": "Seboko sa hao ke sefe?"
    },
    {
      "zulu_word": "Ukukhulekela",
      "english_translation": "To pray for",
      "swati_translation": "Kukhulekela",
      "sotho_translation": "Ho rapela",
      "pronunciation_guide": "oo-koo-khoo-leh-KEH-lah",
      "part_of_speech": "verb",
      "cultural_context": "Prayer and connection with ancestors is an important spiritual practice.",
      "example_sentence_zulu": "Ngiyakukhulekela wena.",
      "example_sentence_english": "I am praying for you.",
      "example_sentence_swati": "Ngiyakukhulekela wena.",
      "example_sentence_sotho": "Ke u rapella."
    },
    {
      "zulu_word": "Inyanga",
      "english_translation": "Traditional healer",
      "swati_translation": "Inyanga",
      "sotho_translation": "Ngaka",
      "pronunciation_guide": "in-YAHN-gah",
      "part_of_speech": "noun",
      "cultural_context": "Traditional healers are respected figures who use herbs, divination, and spiritual guidance.",
      "example_sentence_zulu": "Inyanga iyelapha ngemithi.",
      "example_sentence_english": "The traditional healer heals with herbs.",
      "example_sentence_swati": "Inyanga iyelapha ngemitsi.",
      "example_sentence_sotho": "Ngaka e folisa ka litlama."
    },
    {
      "zulu_word": "Ukwelusa",
      "english_translation": "To herd",
      "swati_translation": "Kwelusa",
      "sotho_translation": "Ho lisa",
      "pronunciation_guide": "oo-kweh-LOO-sah",
      "part_of_speech": "verb",
      "cultural_context": "Cattle herding has traditionally been an important role, especially for young men.",
      "example_sentence_zulu": "Abafana belusa izinkomo.",
      "example_sentence_english": "The boys are herding cattle.",
      "example_sentence_swati": "Bafana belusa tinkhomo.",
      "example_sentence_sotho": "Bashanyana ba lisa likhomo."
    },
    {
      "zulu_word": "Isicathamiya",
      "english_translation": "A cappella music",
      "swati_translation": "Sicathamiya",
      "sotho_translation": "Mmino wa a cappella",
      "pronunciation_guide": "is-ee-cah-tah-MEE-yah",
      "part_of_speech": "noun",
      "cultural_context": "A style of unaccompanied singing that originated among Zulu migrant workers.",
      "example_sentence_zulu": "Izingoma zesicathamiya zithokozisa.",
      "example_sentence_english": "Isicathamiya songs are enjoyable.",
      "example_sentence_swati": "Tingoma tesicathamiya tiyajabulisa.",
      "example_sentence_sotho": "Lipina tsa a cappella lia thabisa."
    },
    {
      "zulu_word": "Ukusindisa",
      "english_translation": "To save",
      "swati_translation": "Kusindzisa",
      "sotho_translation": "Ho pholosa",
      "pronunciation_guide": "oo-koo-sin-DEE-sah",
      "part_of_speech": "verb",
      "cultural_context": "The concept of saving or rescuing has both practical and spiritual meanings.",
      "example_sentence_zulu": "Ungisindise ebulaleni.",
      "example_sentence_english": "Save me from danger.",
      "example_sentence_swati": "Ungisindzise engozini.",
      "example_sentence_sotho": "U mpholose kotsing."
    },
    {
      "zulu_word": "Sawubona",
      "english_translation": "Hello",
      "swati_translation": "Sawubona",
      "sotho_translation": "Dumela",
      "pronunciation_guide": "sah-woo-BOH-nah",
      "part_of_speech": "greeting",
      "cultural_context": "Standard greeting meaning 'I see you' - acknowledges the presence of another person.",
      "example_sentence_zulu": "Sawubona, unjani namhlanje?",
      "example_sentence_english": "Hello, how are you today?",
      "example_sentence_swati": "Sawubona, unjani namuhla?",
      "example_sentence_sotho": "Dumela, u phela joang kajeno?"
    },
    {
      "zulu_word": "Hamba kahle",
      "english_translation": "Go well",
      "swati_translation": "Hamba kahle",
      "sotho_translation": "Tsamaea hantle",
      "pronunciation_guide": "HAHM-bah KAH-shleh",
      "part_of_speech": "farewell",
      "cultural_context": "Common farewell wishing someone a safe journey.",
      "example_sentence_zulu": "Hamba kahle, ubuye ngokuthula.",
      "example_sentence_english": "Go well, return in peace.",
      "example_sentence_swati": "Hamba kahle, ubuye ngekuthula.",
      "example_sentence_sotho": "Tsamaea hantle, u khutle ka khotso."
    },
    {
      "zulu_word": "Yebo",
      "english_translation": "Yes",
      "swati_translation": "Yebo",
      "sotho_translation": "Ee",
      "pronunciation_guide": "YEH-boh",
      "part_of_speech": "interjection",
      "cultural_context": "Standard affirmative response, also used to show respect when addressing elders.",
      "example_sentence_zulu": "Yebo, ngiyaqonda.",
      "example_sentence_english": "Yes, I understand.",
      "example_sentence_swati": "Yebo, ngiyacondza.",
      "example_sentence_sotho": "Ee, kea utloisisa."
    },
    {
      "zulu_word": "Cha",
      "english_translation": "No",
      "swati_translation": "Cha",
      "sotho_translation": "Che",
      "pronunciation_guide": "CHAH",
      "part_of_speech": "interjection",
      "cultural_context": "Standard negative response.",
      "example_sentence_zulu": "Cha, angikufuni lokho.",
      "example_sentence_english": "No, I don't want that.",
      "example_sentence_swati": "Cha, angikufuni loko.",
      "example_sentence_sotho": "Che, ha ke batle seo."
    },
    {
      "zulu_word": "Ngiyabonga",
      "english_translation": "Thank you",
      "swati_translation": "Ngiyabonga",
      "sotho_translation": "Ke a leboha",
      "pronunciation_guide": "ngee-yah-BOHN-gah",
      "part_of_speech": "expression",
      "cultural_context": "Expression of gratitude, important in social interactions.",
      "example_sentence_zulu": "Ngiyabonga ngosizo lwakho.",
      "example_sentence_english": "Thank you for your help.",
      "example_sentence_swati": "Ngiyabonga ngesita sakho.",
      "example_sentence_sotho": "Ke a leboha ka thuso ea hau."
    },
    {
      "zulu_word": "Uxolo",
      "english_translation": "Sorry/Excuse me",
      "swati_translation": "Xolisa",
      "sotho_translation": "Tšoarelo",
      "pronunciation_guide": "oo-KHOH-loh",
      "part_of_speech": "expression",
      "cultural_context": "Used to apologize or get someone's attention politely.",
      "example_sentence_zulu": "Uxolo, ngicela ungisize.",
      "example_sentence_english": "Excuse me, please help me.",
      "example_sentence_swati": "Xolisa, ngicela ungisite.",
      "example_sentence_sotho": "Tšoarelo, ka kopo u nthuse."
    },
    {
      "zulu_word": "Kulungile",
      "english_translation": "Okay",
      "swati_translation": "Kulungile",
      "sotho_translation": "Ho lokile",
      "pronunciation_guide": "koo-loon-GEE-leh",
      "part_of_speech": "interjection",
      "cultural_context": "Used to express agreement or acceptance.",
      "example_sentence_zulu": "Kulungile, ngizokwenza kanjalo.",
      "example_sentence_english": "Okay, I will do it like that.",
      "example_sentence_swati": "Kulungile, ngitokwenta kanjalo.",
      "example_sentence_sotho": "Ho lokile, ke tla e etsa joalo."
    },
    {
      "zulu_word": "Unjani?",
      "english_translation": "How are you?",
      "swati_translation": "Unjani?",
      "sotho_translation": "U phela joang?",
      "pronunciation_guide": "oon-JAH-nee",
      "part_of_speech": "phrase",
      "cultural_context": "Common greeting asking about someone's well-being.",
      "example_sentence_zulu": "Sawubona, unjani?",
      "example_sentence_english": "Hello, how are you?",
      "example_sentence_swati": "Sawubona, unjani?",
      "example_sentence_sotho": "Lumela, u phela joang?"
    },
    {
      "zulu_word": "Ngisaphila",
      "english_translation": "I am still alive",
      "swati_translation": "Ngisaphila",
      "sotho_translation": "Ke ntse ke phela",
      "pronunciation_guide": "ngee-sah-PEE-lah",
      "part_of_speech": "response",
      "cultural_context": "Common response to 'Unjani?' meaning you're doing fine.",
      "example_sentence_zulu": "Ngiyaphila, ngisaphila.",
      "example_sentence_english": "I'm fine, I'm still alive.",
      "example_sentence_swati": "Ngiyaphila, ngisaphila.",
      "example_sentence_sotho": "Ke phetse, ke ntse ke phela."
    },
    {
      "zulu_word": "Sala kahle",
      "english_translation": "Stay well",
      "swati_translation": "Sala kahle",
      "sotho_translation": "Sala hantle",
      "pronunciation_guide": "SAH-lah KAH-shleh",
      "part_of_speech": "farewell",
      "cultural_context": "Response to 'Hamba kahle' - wishing someone to remain well.",
      "example_sentence_zulu": "Sala kahle, ngizobuya maduzane.",
      "example_sentence_english": "Stay well, I will return soon.",
      "example_sentence_swati": "Sala kahle, ngitobuya masinyane.",
      "example_sentence_sotho": "Sala hantle, ke tla khutla haufinyane."
    },
    {
      "zulu_word": "Umama",
      "english_translation": "Mother",
      "swati_translation": "Make",
      "sotho_translation": "Mme",
      "pronunciation_guide": "oo-MAH-mah",
      "part_of_speech": "noun",
      "cultural_context": "Term for mother, shows respect for the maternal figure in the family.",
      "example_sentence_zulu": "Umama upheke ukudla okumnandi.",
      "example_sentence_english": "Mother cooked delicious food.",
      "example_sentence_swati": "Make upheke kudla lokumnandi.",
      "example_sentence_sotho": "Mme o phehile lijo tse monate."
    },
    {
      "zulu_word": "Ubaba",
      "english_translation": "Father",
      "swati_translation": "Babe",
      "sotho_translation": "Ntate",
      "pronunciation_guide": "oo-BAH-bah",
      "part_of_speech": "noun",
      "cultural_context": "Term for father, the patriarchal figure in the family structure.",
      "example_sentence_zulu": "Ubaba usebenza emsebenzini.",
      "example_sentence_english": "Father works at his job.",
      "example_sentence_swati": "Babe usebenta emsebentini.",
      "example_sentence_sotho": "Ntate o sebetsa mosebetsing."
    },
    {
      "zulu_word": "Umfana",
      "english_translation": "Boy",
      "swati_translation": "Umfana",
      "sotho_translation": "Moshemane",
      "pronunciation_guide": "oom-FAH-nah",
      "part_of_speech": "noun",
      "cultural_context": "Refers to a young male, often before initiation into adulthood.",
      "example_sentence_zulu": "Umfana udlala ngaphandle.",
      "example_sentence_english": "The boy is playing outside.",
      "example_sentence_swati": "Umfana udlala ngaphandle.",
      "example_sentence_sotho": "Moshemane o bapala ka ntle."
    },
    {
      "zulu_word": "Intombi",
      "english_translation": "Girl",
      "swati_translation": "Intfombi",
      "sotho_translation": "Ngoanana",
      "pronunciation_guide": "in-TOHM-bee",
      "part_of_speech": "noun",
      "cultural_context": "Refers to a young female, before marriage or adulthood.",
      "example_sentence_zulu": "Intombi icula ingoma.",
      "example_sentence_english": "The girl is singing a song.",
      "example_sentence_swati": "Intfombi icula ingoma.",
      "example_sentence_sotho": "Ngoanana o bina pina."
    },
    {
      "zulu_word": "Umngane",
      "english_translation": "Friend",
      "swati_translation": "Umngani",
      "sotho_translation": "Motsoalle",
      "pronunciation_guide": "oom-NGAH-neh",
      "part_of_speech": "noun",
      "cultural_context": "Close companion, friendship is highly valued in Zulu culture.",
      "example_sentence_zulu": "Umngane wami ufika ekuseni.",
      "example_sentence_english": "My friend arrives in the morning.",
      "example_sentence_swati": "Umngani wami ufika ekuseni.",
      "example_sentence_sotho": "Motsoalle oa ka o fihla hoseng."
    },
    {
      "zulu_word": "Umndeni",
      "english_translation": "Family",
      "swati_translation": "Umndeni",
      "sotho_translation": "Lelapa",
      "pronunciation_guide": "oom-NDEH-nee",
      "part_of_speech": "noun",
      "cultural_context": "The extended family unit, which is central to Zulu social structure.",
      "example_sentence_zulu": "Umndeni wami muhle.",
      "example_sentence_english": "My family is beautiful.",
      "example_sentence_swati": "Umndeni wami muhle.",
      "example_sentence_sotho": "Lelapa la ka le letle."
    },
    {
      "zulu_word": "Udade",
      "english_translation": "Sister",
      "swati_translation": "Sisi",
      "sotho_translation": "Khaitseli",
      "pronunciation_guide": "oo-DAH-deh",
      "part_of_speech": "noun",
      "cultural_context": "Sister, can refer to biological sister or close female friend.",
      "example_sentence_zulu": "Udade wami ufundisa esikoleni.",
      "example_sentence_english": "My sister teaches at school.",
      "example_sentence_swati": "Sisi wami ufundzisa esikoleni.",
      "example_sentence_sotho": "Khaitseli ea ka e ruta sekolong."
    },
    {
      "zulu_word": "Umfowethu",
      "english_translation": "My brother",
      "swati_translation": "Mtfowetfu",
      "sotho_translation": "Moena oa ka",
      "pronunciation_guide": "oom-foh-WEH-too",
      "part_of_speech": "noun",
      "cultural_context": "My brother, shows possession and close familial relationship.",
      "example_sentence_zulu": "Umfowethu usebenza edolobheni.",
      "example_sentence_english": "My brother works in the city.",
      "example_sentence_swati": "Mtfowetfu usebenta edolobheni.",
      "example_sentence_sotho": "Moena oa ka o sebetsa toropong."
    },
    {
      "zulu_word": "Ugogo",
      "english_translation": "Grandmother",
      "swati_translation": "Gogo",
      "sotho_translation": "Nkhono",
      "pronunciation_guide": "oo-GOH-goh",
      "part_of_speech": "noun",
      "cultural_context": "Grandmother, respected elder who often preserves cultural knowledge.",
      "example_sentence_zulu": "Ugogo uxoxa indaba.",
      "example_sentence_english": "Grandmother is telling a story.",
      "example_sentence_swati": "Gogo uxoxa indzaba.",
      "example_sentence_sotho": "Nkhono o pheta pale."
    },
    {
      "zulu_word": "Umkhulu",
      "english_translation": "Grandfather",
      "swati_translation": "Mkhulu",
      "sotho_translation": "Ntate-moholo",
      "pronunciation_guide": "oom-KHOO-loo",
      "part_of_speech": "noun",
      "cultural_context": "Grandfather, respected elder and family patriarch.",
      "example_sentence_zulu": "Umkhulu ufunda incwadi.",
      "example_sentence_english": "Grandfather is reading a book.",
      "example_sentence_swati": "Mkhulu ufundza incwadzi.",
      "example_sentence_sotho": "Ntate-moholo o bala buka."
    },
    {
      "zulu_word": "Kunye",
      "english_translation": "One",
      "swati_translation": "Kunye",
      "sotho_translation": "Nngoe",
      "pronunciation_guide": "KOO-nyeh",
      "part_of_speech": "number",
      "cultural_context": "The number one, used in counting and cultural contexts.",
      "example_sentence_zulu": "Nginenkomo eyodwa.",
      "example_sentence_english": "I have one cow.",
      "example_sentence_swati": "Nginemkhomo yinye.",
      "example_sentence_sotho": "Ke na le khomo e le 'ngoe."
    },
    {
      "zulu_word": "Kubili",
      "english_translation": "Two",
      "swati_translation": "Kubili",
      "sotho_translation": "Peli",
      "pronunciation_guide": "koo-BEE-lee",
      "part_of_speech": "number",
      "cultural_context": "The number two, important in paired concepts and traditions.",
      "example_sentence_zulu": "Nginabantwana ababili.",
      "example_sentence_english": "I have two children.",
      "example_sentence_swati": "Nginabantfwana babili.",
      "example_sentence_sotho": "Ke na le bana ba babeli."
    },
    {
      "zulu_word": "Kuthathu",
      "english_translation": "Three",
      "swati_translation": "Kutsatfu",
      "sotho_translation": "Tharo",
      "pronunciation_guide": "koo-THAH-too",
      "part_of_speech": "number",
      "cultural_context": "The number three, appears in various cultural expressions.",
      "example_sentence_zulu": "Kunezinkomo ezintathu.",
      "example_sentence_english": "There are three cows.",
      "example_sentence_swati": "Kunetinkhomo tetatsatfu.",
      "example_sentence_sotho": "Ho na le likhomo tse tharo."
    },
    {
      "zulu_word": "Kune",
      "english_translation": "Four",
      "swati_translation": "Kune",
      "sotho_translation": "Nne",
      "pronunciation_guide": "KOO-neh",
      "part_of_speech": "number",
      "cultural_context": "The number four, used in counting and traditional practices.",
      "example_sentence_zulu": "Sinezimoto ezine.",
      "example_sentence_english": "We have four cars.",
      "example_sentence_swati": "Sinetimoto letine.",
      "example_sentence_sotho": "Re na le likoloi tse 'ne."
    },
    {
      "zulu_word": "Kuhlanu",
      "english_translation": "Five",
      "swati_translation": "Kuhlanu",
      "sotho_translation": "Hlano",
      "pronunciation_guide": "koo-HLAH-noo",
      "part_of_speech": "number",
      "cultural_context": "The number five, significant in various cultural counting systems.",
      "example_sentence_zulu": "Nginemali eyishiyagalolunye.",
      "example_sentence_english": "I have five rands.",
      "example_sentence_swati": "Nginemali lelishiyagalolunye.",
      "example_sentence_sotho": "Ke na le chelete ea lirete tse hlano."
    },
    {
      "zulu_word": "ebafazibewela",
      "english_translation": "Cattle that are completely black with white legs",
      "swati_translation": "inkhomo lemnyama legcwele emilenze lemhlophe",
      "sotho_translation": "khomo e ntsho e nang le maoto a metsho",
      "pronunciation_guide": "eh-bah-fah-zee-beh-weh-lah",
      "part_of_speech": "noun",
      "cultural_context": "In Zulu culture, cattle are highly valued and specific names describe their coat patterns. This term refers to black cattle that develop white coloration on their front and hind legs.",
      "example_sentence_zulu": "Le nkomo ebafazibewela ngoba imnyama kodwa imilenze iyimhlophe.",
      "example_sentence_english": "This cow is ebafazibewela because it is black but has white legs.",
      "example_sentence_swati": "Lena nkhomo lemnyama legcwele emilenze lemhlophe ngoba imnyama kodwa imilenze iyimhlophe.",
      "example_sentence_sotho": "Khomo ena e ntsho e nang le maoto a metsho hobane e ntsho empa maoto a metsho."
    },
    {
      "zulu_word": "ibhangule",
      "english_translation": "Black cattle with a distinctive white stripe along the back",
      "swati_translation": "inkhomo lemnyama lenemugca lemhlophe emhlane",
      "sotho_translation": "khomo e ntsho e nang le mothaladi o motsho o hlahlamang mokokotlong",
      "pronunciation_guide": "eh-bhahn-ggoo-leh",
      "part_of_speech": "noun",
      "cultural_context": "In traditional Zulu society, cattle are not only wealth but also have spiritual significance. The ebhanggule pattern is recognized by a white stripe running along the spine meeting the belly.",
      "example_sentence_zulu": "Ubaba uthenge ibhangule emakhasini.",
      "example_sentence_english": "Father bought a ebhanggule at the cattle auction.",
      "example_sentence_swati": "Babe uthenge inkhomo lemnyama lenemugca lemhlophe emhlane emakhasini.",
      "example_sentence_sotho": "Ntate o rekile khomo e ntsho e nang le mothaladi o motsho mokhasing oa likhomo."
    },
    {
      "zulu_word": "Umendo kawuthunyelwa gundane",
      "english_translation": "Marriage is not arranged by a mouse",
      "swati_translation": "Umtsimba awuthunyelwa luvundlane",
      "sotho_translation": "Lenyalo ha le laeloe ke peba",
      "pronunciation_guide": "oo-mehn-doh kah-woo-thoo-nyehl-wah goon-dah-neh",
      "part_of_speech": "proverb",
      "cultural_context": "This proverb emphasizes that a woman should personally assess her potential marital home rather than relying on intermediaries, reflecting the importance of personal choice in marriage.",
      "example_sentence_zulu": "Uwulungiselele umendo wakho kahle ngoba umendo kawuthunyelwa gundane.",
      "example_sentence_english": "Prepare well for your marriage because marriage is not arranged by a mouse.",
      "example_sentence_swati": "Lungiselela umtsimba wakho kahle ngoba umtsimba awuthunyelwa luvundlane.",
      "example_sentence_sotho": "Ithahisele lenyalo la hau hantle hobane lenyalo ha le laeloe ke peba."
    },
    {
      "zulu_word": "Umuthi ugotshwa usemanzi",
      "english_translation": "A tree is bent while it's still young and flexible",
      "swati_translation": "Sihlahla sigotswa sisemanzi",
      "sotho_translation": "Sefate se khutloa se sa le monyenyane",
      "pronunciation_guide": "oo-moo-tee oo-goht-shwah oo-seh-mahn-zee",
      "part_of_speech": "proverb",
      "cultural_context": "This proverb underscores the importance of early childhood education and discipline in African traditional values, teaching that character formation should begin when children are young and impressionable.",
      "example_sentence_zulu": "Mfundise umntwana wakho isiZulu manje ngoba umuthi ugotshwa usemanzi.",
      "example_sentence_english": "Teach your child Zulu now because a tree is bent while it's still young.",
      "example_sentence_swati": "Fundzisa umntfwana wakho siSwati manje ngoba sihlahla sigotswa sisemanzi.",
      "example_sentence_sotho": "Ruta ngwana oa hau Sesotho hona joale hobane sefate se khutloa se sa le monyenyane."
    },
    {
      "zulu_word": "Ukhamba lufuza imbiza",
      "english_translation": "The small pot resembles the big cooking pot",
      "swati_translation": "Lukhandle lufuza imbita",
      "sotho_translation": "Pitsana e ts'oanang le pitsa e kholo",
      "pronunciation_guide": "oo-khahm-bah loo-foo-zah eem-bee-zah",
      "part_of_speech": "proverb",
      "cultural_context": "This proverb speaks to the cultural understanding of inheritance and family traits, indicating that children often inherit both physical characteristics and behavioral patterns from their parents.",
      "example_sentence_zulu": "Umntwana ufana noyise, uphuze ukhamba lufuza imbiza.",
      "example_sentence_english": "The child resembles his father, indeed the small pot resembles the big pot.",
      "example_sentence_swati": "Umntfwana ufana nababe, uphuze lukhandle lufuza imbita.",
      "example_sentence_sotho": "Ngwana o ts'oana le ntatae, ka 'nete pitsana e ts'oanang le pitsa e kholo."
    },
    {
      "zulu_word": "Ukwanza izaba",
      "english_translation": "To hastily attempt to solve problems",
      "swati_translation": "Kuwantisa tinkinga",
      "sotho_translation": "Ho leka ho rarolla mathata ka potlako",
      "pronunciation_guide": "oo-kwahn-zah ee-zah-bah",
      "part_of_speech": "idiom",
      "cultural_context": "This idiom criticizes impulsive problem-solving without proper thought, reflecting the cultural value of careful consideration and consultation in traditional decision-making processes.",
      "example_sentence_zulu": "Ungawazi izaba ngokuziwanza kuphela.",
      "example_sentence_english": "You cannot solve problems by hastily attempting them only.",
      "example_sentence_swati": "Ngeke ukwati kusingisa tinkinga ngokuziwantisa kuphela.",
      "example_sentence_sotho": "U ke ke oa rarolla mathata ka ho leka ho a rarolla ka potlako feela."
    },
    {
      "zulu_word": "Impi yomndeni kayingenwa",
      "english_translation": "Do not interfere in family conflicts",
      "swati_translation": "Impi yelibandla ayingenwa",
      "sotho_translation": "Ntoa ea lelapa ha e kenngoe",
      "pronunciation_guide": "eem-pee yohm-ndeh-nee kah-yeen-gehn-wah",
      "part_of_speech": "proverb",
      "cultural_context": "This proverb teaches respect for family privacy and autonomy, warning outsiders that family members will eventually reconcile and may unite against the mediator.",
      "example_sentence_zulu": "Yeka labo bantu bayaxoxisana ngoba impi yomndeni kayingenwa.",
      "example_sentence_english": "Leave those people to discuss because one doesn't interfere in family conflicts.",
      "example_sentence_swati": "Yeka labo bantfu bayaxoxisana ngoba impi yelibandla ayingenwa.",
      "example_sentence_sotho": "Tlohela batho bao ba buisanang hobane ntoa ea lelapa ha e kenngoe."
    },
    {
      "zulu_word": "Ingwe ikhotha amabala ayo amhlophe namnyama",
      "english_translation": "A leopard licks both its white and black spots",
      "swati_translation": "Ingwe ikhotha emabala ayo lamhlophe lanamnyama",
      "sotho_translation": "Nkwe e lapa mabala a eona a masoeu le a mats'o",
      "pronunciation_guide": "een-gweh ee-khoh-tah ah-mah-bah-lah ah-yoh ahm-hloh-peh nahm-nyah-mah",
      "part_of_speech": "proverb",
      "cultural_context": "This proverb emphasizes the importance of treating all children equally regardless of their differences, reflecting the cultural value of fairness and non-discrimination within the family.",
      "example_sentence_zulu": "Umphathe bonke abantwana bakho ngokulinganayo njengoba ingwe ikhotha amabala ayo amhlophe namnyama.",
      "example_sentence_english": "Treat all your children equally as a leopard licks both its white and black spots.",
      "example_sentence_swati": "Phatsa bonkhe bantfwana bakho ngokulingana njengobe ingwe ikhotha emabala ayo lamhlophe lanamnyama.",
      "example_sentence_sotho": "Sebelisa bana ba hau ka ho lekana joaloka ha nkwe e lapa mabala a eona a masoeu le a mats'o."
    },
    {
      "zulu_word": "Ifipha",
      "english_translation": "Black cattle with red ears",
      "swati_translation": "inkhomo lemnyama lendlebe lebomvu",
      "sotho_translation": "khomo e ntsho e nang le ditsebe tse khubelu",
      "pronunciation_guide": "ee-fee-pah",
      "part_of_speech": "noun",
      "cultural_context": "In Zulu cattle terminology, ifipha describes a unique color pattern where black cattle have distinctive red ears. This specific marking helps identify individual animals in the herd and may influence their cultural value.",
      "example_sentence_zulu": "Ifipha libalulekile ngamadlebe alo abomvu.",
      "example_sentence_english": "The ifipha is distinctive because of its red ears.",
      "example_sentence_swati": "Inkhomo lemnyama lendlebe lebomvu ibalulekile ngamadlebe ayo labomvu.",
      "example_sentence_sotho": "Khomo e ntsho e nang le ditsebe tse khubelu e khethehile ka lebaka la ditsebe tsa eona tse khubelu."
    },
    {
      "zulu_word": "ufukufuku",
      "english_translation": "Black cattle with white spots scattered around the neck",
      "swati_translation": "inkhomo lemnyama lenemachashaza lamhlophe entanyeni",
      "sotho_translation": "khomo e ntsho e nang le mathetha a metsho a sasanehileng molaleng",
      "pronunciation_guide": "oo-foo-koo-foo-koo",
      "part_of_speech": "noun",
      "cultural_context": "This cattle pattern is valued in Zulu culture for its distinctive neck markings. The scattered white spots around the neck make this animal easily identifiable and may carry specific cultural significance in traditional ceremonies.",
      "example_sentence_zulu": "ufukufuku linamachashaza amhlophe entanyeni.",
      "example_sentence_english": "The ufukufuku has white spots on its neck.",
      "example_sentence_swati": "Inkhomo lemnyama lenemachashaza lamhlophe entanyeni inamachashaza lamhlophe entanyeni.",
      "example_sentence_sotho": "Khomo e ntsho e nang le mathetha a metsho a sasanehileng molaleng e na le mathetha a metsho molaleng."
    },
    {
      "zulu_word": "Igambu",
      "english_translation": "Black cattle with a white band across the back",
      "swati_translation": "inkhomo lemnyama lenebhande lemhlophe emhlane",
      "sotho_translation": "khomo e ntsho e nang le sekepe se setsho se hlahlamang mokokotlong",
      "pronunciation_guide": "ee-gahm-boo",
      "part_of_speech": "noun",
      "cultural_context": "The igambu pattern features a distinctive white band that crosses the animal's back. In Zulu tradition, such clear marking patterns are often associated with specific family lineages and may be preferred for certain traditional rituals.",
      "example_sentence_zulu": "Igambu linombala omhlophe obamba umhlane.",
      "example_sentence_english": "The igambu has a white color that crosses the back.",
      "example_sentence_swati": "Inkhomo lemnyama lenebhande lemhlophe emhlane inombala lomhlophe lobamba umhlane.",
      "example_sentence_sotho": "Khomo e ntsho e nang le sekepe se setsho se hlahlamang mokokotlong e na le 'mala o motsho o hlahlamang mokokotlong."
    },
    {
      "zulu_word": "Ihhemu",
      "english_translation": "Cattle that are black on one side and white on the other",
      "swati_translation": "inkhomo lemnyama kolunye uhlangothi lemhlophe kolunye",
      "sotho_translation": "khomo e ntsho ka lehlakoreng le le leng e metsho ka lehlakoreng le leng",
      "pronunciation_guide": "ee-hheh-moo",
      "part_of_speech": "noun",
      "cultural_context": "This striking color division is highly valued in Zulu culture for its rarity and distinctive appearance. The clear separation of colors makes these animals particularly notable in herds and traditional gatherings.",
      "example_sentence_zulu": "Ihhemu limnyama kolunye uhlangothi limhlophe kolunye.",
      "example_sentence_english": "The ihhemu is black on one side and white on the other.",
      "example_sentence_swati": "Inkhomo lemnyama kolunye uhlangothi lemhlophe kolunye iyimnyama kolunye uhlangothi iyimhlophe kolunye.",
      "example_sentence_sotho": "Khomo e ntsho ka lehlakoreng le le leng e metsho ka lehlakoreng le leng e ntsho ka lehlakoreng le le leng e metsho ka lehlakoreng le leng."
    },
    {
      "zulu_word": "Ihunqu",
      "english_translation": "Black cattle with white spots resembling guinea fowl markings",
      "swati_translation": "inkhomo lemnyama lenemabala lafana nalahengwane",
      "sotho_translation": "khomo e ntsho e nang le mabala a metsho a ts'oanang le a mphene",
      "pronunciation_guide": "ee-hoon-koo",
      "part_of_speech": "noun",
      "cultural_context": "The name derives from the resemblance to guinea fowl feathers, showing how Zulu cattle terminology often draws from nature. This pattern is appreciated for its aesthetic appeal and cultural symbolism.",
      "example_sentence_zulu": "Ihungu linamabala afana nowebululu.",
      "example_sentence_english": "The ihungu has spots like those of a guinea fowl.",
      "example_sentence_swati": "Inkhomo lemnyama lenemabala lafana nalahengwane inamabala lafana nalahengwane.",
      "example_sentence_sotho": "Khomo e ntsho e nang le mabala a metsho a ts'oanang le a mphene e na le mabala a ts'oanang le a mphene."
    },
    {
      "zulu_word": "Ukwenda wukuzilahla",
      "english_translation": "To get married is to throw yourself away",
      "swati_translation": "Kwendza kukuzilahla",
      "sotho_translation": "Ho nyaloa ke ho itlohlela",
      "pronunciation_guide": "oo-kwehn-dah woo-koo-zee-lah-hlah",
      "part_of_speech": "proverb",
      "cultural_context": "This proverb reflects the uncertainty women traditionally faced when marrying into new families. It acknowledges the courage required to leave one's family and adapt to a new household with unknown circumstances.",
      "example_sentence_zulu": "Intombazane iyazesaba ukwendela ngoba ukwenda wukuzilahla.",
      "example_sentence_english": "The young woman is afraid to get married because marriage means throwing yourself away.",
      "example_sentence_swati": "Intfombi iyasesaba kukwendzela ngoba kwendza kukuzilahla.",
      "example_sentence_sotho": "Ngoanana o ts'aba ho nyaloa hobane ho nyaloa ke ho itlohlela."
    },
    {
      "zulu_word": "Akudhalaqhala lahlula isidwaba",
      "english_translation": "A rolling stone gathers no moss",
      "swati_translation": "Akudlalaqala ladlula sidvaba",
      "sotho_translation": "Lejoe le phatlolang ha le bokelle bohloa",
      "pronunciation_guide": "ah-koo-dhah-lah-khah-lah lah-hloo-lah ee-see-dwah-bah",
      "part_of_speech": "proverb",
      "cultural_context": "This proverb warns against restlessness and lack of commitment in relationships, particularly marriage. It emphasizes the importance of stability and putting down roots to build meaningful family life.",
      "example_sentence_zulu": "Ungabi yidhalaqhala ngoba akudhalaqhala lahlula isidwaba.",
      "example_sentence_english": "Don't be a rolling stone because a rolling stone gathers no moss.",
      "example_sentence_swati": "Ungabi yidlalaqala ngoba akudlalaqala ladlula sidvaba.",
      "example_sentence_sotho": "Se be lejoe le phatlolang hobane lejoe le phatlolang ha le bokelle bohloa."
    },
    {
      "zulu_word": "Umndeni kawufakani mbedu",
      "english_translation": "A family cannot be pierced by a needle",
      "swati_translation": "Umndeni awufakani naludzebe",
      "sotho_translation": "Lelapa ha le kenngoe ke nalete",
      "pronunciation_guide": "oom-ndeh-nee kah-woo-fah-kah-nee mbeh-doo",
      "part_of_speech": "proverb",
      "cultural_context": "This proverb emphasizes the natural bonds and inherent unity within a family. It suggests that family relationships are strong and cannot be easily broken or divided by external influences.",
      "example_sentence_zulu": "Bonke abantwana bakhe bamthanda ngoba umndeni kawufakani mbedu.",
      "example_sentence_english": "All her children love her because a family cannot be pierced by a needle.",
      "example_sentence_swati": "Bonkhe bantfwana bakhe bamtsandza ngoba umndeni awufakani naludzebe.",
      "example_sentence_sotho": "Bana ba hae bohle ba mo rata hobane lelapa ha le kenngoe ke nalete."
    },
    {
      "zulu_word": "Inyoni ishayelwa abakhulu",
      "english_translation": "A bird is hunted for the elders",
      "swati_translation": "Inyoni ishayelwa labadzala",
      "sotho_translation": "Nonyana e ts'oeloa ho baholo",
      "pronunciation_guide": "ee-nyoh-nee ee-shah-yeh-lwah ah-bah-khoo-loo",
      "part_of_speech": "proverb",
      "cultural_context": "This teaches children respect and responsibility toward their elders. It emphasizes that children should share their successes and acquisitions with their parents, honoring the cultural value of intergenerational support.",
      "example_sentence_zulu": "Umntwana kufanele alethe konke akutholayo ekhaya ngoba inyoni ishayelwa abakhulu.",
      "example_sentence_english": "A child should bring everything they find home because a bird is hunted for the elders.",
      "example_sentence_swati": "Umntfwana kufanele alethe konkhe akutholayo ekhaya ngoba inyoni ishayelwa labadzala.",
      "example_sentence_sotho": "Ngwana o lokela ho tlisa tsohle tse a li fumanang hae hobane nonyana e ts'oeloa ho baholo."
    },
    {
      "zulu_word": "Izinkonyane zilandela onina",
      "english_translation": "The calves follow their mother",
      "swati_translation": "Tinkonyane tilandzela bonina",
      "sotho_translation": "Linkonyana li latela 'ma'ona",
      "pronunciation_guide": "ee-zee-nkoh-nyah-neh zee-lahn-deh-lah oh-nee-nah",
      "part_of_speech": "proverb",
      "cultural_context": "This proverb highlights the natural process of learning and imitation within families. Children learn behaviors, values, and traditions by observing and following their parents' examples in daily life.",
      "example_sentence_zulu": "Bona abantwana benza njengabazali babo ngoba izinkonyane zilandela onina.",
      "example_sentence_english": "See how children imitate their parents because calves follow their mother.",
      "example_sentence_swati": "Bona bantfwana benza njengabazali babo ngoba tinkonyane tilandzela bonina.",
      "example_sentence_sotho": "Bona bana ba etsa joaloka batsoali ba bona hobane linkonyana li latela 'ma'ona."
    },
    {
      "zulu_word": "Ihwanqa",
      "english_translation": "Black cattle completely covered with white color",
      "swati_translation": "inkhomo lemnyama legcwele umbala lomhlophe",
      "sotho_translation": "khomo e ntsho e koahetsoeng ka 'mala o motsho",
      "pronunciation_guide": "ee-hwahn-kah",
      "part_of_speech": "noun",
      "cultural_context": "Also known as Imahwalahwala, this cattle pattern describes animals so thoroughly covered with white that even the face and ears are affected. In Zulu culture, such extensive coloration is notable and may carry specific ceremonial significance.",
      "example_sentence_zulu": "Ihwanqa liyinkomo emnyama egcwele umbala omhlophe.",
      "example_sentence_english": "Ihwanqa is a black cow completely covered with white color.",
      "example_sentence_swati": "Ihwanqa liyinkhomo lemnyama legcwele umbala lomhlophe.",
      "example_sentence_sotho": "Ihwanqa ke khomo e ntsho e koahetsoeng ka 'mala o motsho."
    },
    {
      "zulu_word": "ijoli",
      "english_translation": "Black cattle with a white tail",
      "swati_translation": "inkhomo lemnyama lenomsila lomhlophe",
      "sotho_translation": "khomo e ntsho e nang le mosila o motsho",
      "pronunciation_guide": "ee-joh-lee",
      "part_of_speech": "noun",
      "cultural_context": "The ijoli is distinguished by its contrasting white tail against a black body. This specific marking is easily recognizable in herds and may influence the animal's selection for particular traditional functions or ceremonies.",
      "example_sentence_zulu": "ijoli linoshoba olumhlophe.",
      "example_sentence_english": "The ijoli has a white tail.",
      "example_sentence_swati": "ijoli linomsila lomhlophe.",
      "example_sentence_sotho": "ijoli e na le mosila o motsho."
    },
    {
      "zulu_word": "Ukhozi",
      "english_translation": "Black cattle with white spots on belly and forehead",
      "swati_translation": "inkhomo lemnyama lenemabala lamhlophe esiswini nasembonini",
      "sotho_translation": "khomo e ntsho e nang le mabala a metsho mpa le kapella",
      "pronunciation_guide": "oo-khoh-zee",
      "part_of_speech": "noun",
      "cultural_context": "Named after the fish eagle (ukhozi) for its distinctive markings, this pattern features scattered white spots on strategic body parts. The forehead marking is particularly significant in Zulu cattle appreciation.",
      "example_sentence_zulu": "Ukhozi linamabala amhlophe esiswini nasembonini.",
      "example_sentence_english": "Ukhozi has white spots on the belly and forehead.",
      "example_sentence_swati": "Ukhozi linemabala lamhlophe esiswini nasembonini.",
      "example_sentence_sotho": "Ukhozi e na le mabala a metsho mpa le kapella."
    },
    {
      "zulu_word": "Iklikathi",
      "english_translation": "Black cattle with white patch below the neck",
      "swati_translation": "inkhomo lemnyama linebala lemhlophe ngaphansi kwentamo",
      "sotho_translation": "khomo e ntsho e nang le sefate se setsho tlas'a molala",
      "pronunciation_guide": "ee-klee-kah-tee",
      "part_of_speech": "noun",
      "cultural_context": "Also known as Iklalathi in some regions, this pattern features a distinctive white patch beneath the neck. The chest marking is highly visible and often considered auspicious in traditional Zulu cattle breeding.",
      "example_sentence_zulu": "Ikiliathi linebala elimhlophe ngaphansi kwentamo.",
      "example_sentence_english": "Ikiliathi has a white patch below the neck.",
      "example_sentence_swati": "Iklikathi linebala lemhlophe ngaphansi kwentamo.",
      "example_sentence_sotho": "Iklikathi e na le sefate se setsho tlas'a molala."
    },
    {
      "zulu_word": "Ihuga",
      "english_translation": "Black cattle with white spots on rump and back descending to legs",
      "swati_translation": "inkhomo lemnyama lenemabala lamhlophe egolo nemhlane aye emilenzeni",
      "sotho_translation": "khomo e ntsho e nang le mabala a metsho thapo le mokokotlo ho theoha maotong",
      "pronunciation_guide": "ee-hoo-gah",
      "part_of_speech": "noun",
      "cultural_context": "The ihuga pattern shows a distinctive flow of white markings from the upper body downward. This cascading pattern is admired for its aesthetic appeal and may indicate specific lineage in traditional herd management.",
      "example_sentence_zulu": "Ihuga linamabala amhlophe aqala egolo aye emilenzeni.",
      "example_sentence_english": "Ihuga has white spots starting from the rump going to the legs.",
      "example_sentence_swati": "Ihuga linemabala lamhlophe aqala egolo aye emilenzeni.",
      "example_sentence_sotho": "Ihuga e na le mabala a metsho a qalang thapo a ea ho maoto."
    },
    {
      "zulu_word": "Uyofika kwamkhatshali isidwaba siyokuhaqa",
      "english_translation": "You will arrive at your in-laws with a torn loincloth",
      "swati_translation": "Utawufika kwamkhatsali sidvaba sikutakuhaca",
      "sotho_translation": "U tla fihla ho balekane ba hau u aparetse thetsoana e robehileng",
      "pronunciation_guide": "oo-yoh-fee-kah kwahm-khah-tshah-lee ee-see-dwah-bah see-yoh-koo-hah-kah",
      "part_of_speech": "proverb",
      "cultural_context": "This proverb warns that even the most restless person will eventually settle down in marriage, though they may arrive with little to show for their previous wandering. It emphasizes the inevitability of domestic responsibility.",
      "example_sentence_zulu": "Noma uliqhadaqhada, uyofika kwamkhatshali isidwaba siyokuhaqa.",
      "example_sentence_english": "Even if you are restless, you will arrive at your in-laws with a torn loincloth.",
      "example_sentence_swati": "Noma uliqhadaqada, utawufika kwamkhatsali sidvaba sikutakuhaca.",
      "example_sentence_sotho": "Le ha u le qhadaqhada, u tla fihla ho balekane ba hau u aparetse thetsoana e robehileng."
    },
    {
      "zulu_word": "Ihlonipha lapho ingayikugcina khona",
      "english_translation": "A girl respects everyone because she doesn't know where she will end up",
      "swati_translation": "Intfombi ihlonipha wonkhe umuntfu ngoba ayikati lapho itawugcina khona",
      "sotho_translation": "Ngoanana o hlompha motho e mong le e mong hobane ha a tsebe hore na o tla felela hokae",
      "pronunciation_guide": "ee-hloh-nee-pah lah-poh een-gah-yee-koo-ghee-nah khoh-nah",
      "part_of_speech": "proverb",
      "cultural_context": "This teaches young women to maintain respectful relationships with everyone, as they cannot predict who might become their future in-laws or relatives through marriage. It promotes universal respect and social harmony.",
      "example_sentence_zulu": "Intombazane ehloniphayo iyaziphakamisa ngoba ihlonipha lapho ingayikugcina khona.",
      "example_sentence_english": "A respectful young woman elevates herself because she respects everyone not knowing where she will end up.",
      "example_sentence_swati": "Intfombi lehloniphako iyaziphakamisa ngoba ihlonipha lapho ingayikugcina khona.",
      "example_sentence_sotho": "Ngoanana ea hlomphang o iphakamisa hobane o hlompha motho e mong le e mong a sa tsebe hore o tla felela hokae."
    },
    {
      "zulu_word": "Umlandu woniwa ngabalandakazi",
      "english_translation": "A case is made by the relatives",
      "swati_translation": "Umlandvo woniwa ngabalandzakati",
      "sotho_translation": "Tabatabelisoa ea etsoa ke ba lelapa",
      "pronunciation_guide": "oom-lahn-doo woh-nee-wah ngah-bah-lahn-dah-kah-zee",
      "part_of_speech": "proverb",
      "cultural_context": "This emphasizes that family matters are best understood and resolved by relatives who know the family history and dynamics. It underscores the importance of family involvement in conflict resolution.",
      "example_sentence_zulu": "Ake sibayelele abalandakazi ngoba umlandu woniwa ngabalandakazi.",
      "example_sentence_english": "Let us inform the relatives because a case is made by the relatives.",
      "example_sentence_swati": "Ake sibayelele abalandzakati ngoba umlandvo woniwa ngabalandzakati.",
      "example_sentence_sotho": "A re tsebise ba lelapa hobane tabatabelisoa ea etsoa ke ba lelapa."
    },
    {
      "zulu_word": "Amalima onke ahlanganyelwa yisindeni",
      "english_translation": "All fields are hoed together by the family",
      "swati_translation": "Emalima onkhe ahlanganiswa yelibandla",
      "sotho_translation": "Masimo ohle a lemwa 'moho ke lelapa",
      "pronunciation_guide": "ah-mah-lee-mah ohn-keh ah-hlahn-gah-nyehl-wah yee-seen-deh-nee",
      "part_of_speech": "proverb",
      "cultural_context": "This proverb highlights the collective responsibility within families. It teaches that family members should work together and support each other, especially children helping their parents in old age.",
      "example_sentence_zulu": "Sisebenzisane sonke ngoba amalima onke ahlanganyelwa yisindeni.",
      "example_sentence_english": "Let us all work together because all fields are hoed together by the family.",
      "example_sentence_swati": "Sisebentisane sonkhe ngoba emalima onkhe ahlanganiswa yelibandla.",
      "example_sentence_sotho": "A re sebetse 'moho hobane masimo ohle a lemwa 'moho ke lelapa."
    },
    {
      "zulu_word": "Inkunzi isematholeni",
      "english_translation": "The bull is among the calves",
      "swati_translation": "Inkunzi isematholeni",
      "sotho_translation": "Pooho e har'a linkonyana",
      "pronunciation_guide": "een-koon-zee ee-seh-mah-toh-leh-nee",
      "part_of_speech": "proverb",
      "cultural_context": "This proverb emphasizes the importance of nurturing children properly as future leaders emerge from among them. It reflects the cultural value of investing in youth development for community leadership.",
      "example_sentence_zulu": "Sifundise izingane zethu kahle ngoba inkunzi isematholeni.",
      "example_sentence_english": "Let us educate our children well because the bull is among the calves.",
      "example_sentence_swati": "Sifundzise izingane tetfu kahle ngoba inkunzi isematholeni.",
      "example_sentence_sotho": "A re rute bana ba rona hantle hobane pooho e har'a linkonyana."
    },
    {
      "zulu_word": "Umendo ngumkhumulansika",
      "english_translation": "Marriage is a remover of habits",
      "swati_translation": "Umtsimba ngumkhumulansika",
      "sotho_translation": "Lenyalo ke motloli oa mekhoa",
      "pronunciation_guide": "oo-mehn-doh ngoo-moo-khoo-moo-lahn-see-kah",
      "part_of_speech": "proverb",
      "cultural_context": "This proverb refers to how marriage can transform a person's behavior, particularly how a woman may abandon her previous habits and settle into her new role as a wife.",
      "example_sentence_zulu": "Ubona ukuthi usushintshe, umendo ngumkhumulansika.",
      "example_sentence_english": "You see she has changed, marriage is a remover of habits.",
      "example_sentence_swati": "Uyabona kutsi ushintshe, umtsimba ngumkhumulansika.",
      "example_sentence_sotho": "U bona hore o fetohile, lenyalo ke motloli oa mekhoa."
    },
    {
      "zulu_word": "Unina ngunina maZulu",
      "english_translation": "A mother is a mother, oh Zulu",
      "swati_translation": "Unina ngunina maSwati",
      "sotho_translation": "'Me ke 'me, oh Basotho",
      "pronunciation_guide": "oo-nee-nah ngoo-nee-nah mah-zoo-loo",
      "part_of_speech": "proverb",
      "cultural_context": "This profound proverb expresses the irreplaceable nature of a mother's love and the deep respect for motherhood in Zulu culture, acknowledging that no one can substitute a mother's unconditional love.",
      "example_sentence_zulu": "Ungamshayi umntwana ngoba unina ngunina maZulu.",
      "example_sentence_english": "Don't beat the child because a mother is a mother, oh Zulu.",
      "example_sentence_swati": "Ungamshayi umntfwana ngoba unina ngunina maSwati.",
      "example_sentence_sotho": "Se otle ngwana hobane 'me ke 'me, oh Basotho."
    },
    {
      "zulu_word": "Inzimakazi izala ilungakazi",
      "english_translation": "A good female bird gives birth to a good female bird",
      "swati_translation": "Inyoni lenhle ialela inyoni lenhle",
      "sotho_translation": "Nonyana e ntle e hlahisa nonyana e ntle",
      "pronunciation_guide": "een-zee-mah-kah-zee ee-zah-lah ee-loon-gah-kah-zee",
      "part_of_speech": "proverb",
      "cultural_context": "This proverb acknowledges that children sometimes do not inherit their parents' character traits, highlighting that good parents can have children who are different from them in behavior and character.",
      "example_sentence_zulu": "Umphathe kahle kodwa ungenzanga kahle, inzimakazi izala ilungakazi.",
      "example_sentence_english": "You raised her well but she didn't turn out well, a good female bird gives birth to a good female bird.",
      "example_sentence_swati": "Umphatsile kahle kodwa akanjanga kahle, inyoni lenhle ialela inyoni lenhle.",
      "example_sentence_sotho": "U mo holisitse hantle empa ha a hlaha hantle, nonyana e ntle e hlahisa nonyana e ntle."
    },
    {
      "zulu_word": "Ukhuni luzala umlotha",
      "english_translation": "Firewood gives birth to ash",
      "swati_translation": "Lukhuni lualela umlotha",
      "sotho_translation": "Lekhuni le hlahisa molora",
      "pronunciation_guide": "oo-khoo-nee loo-zah-lah oo-mloh-tah",
      "part_of_speech": "proverb",
      "cultural_context": "This proverb expresses the disappointment when an upright and respectable person has a child who turns out worthless or unlike them, comparing it to how firewood transforms into useless ash.",
      "example_sentence_zulu": "Indoda enhle izale ingane embi, ukhuni luzala umlotha.",
      "example_sentence_english": "A good man fathers a bad child, firewood gives birth to ash.",
      "example_sentence_swati": "Indvodza lenhle ialele ingane lembi, lukhuni lualela umlotha.",
      "example_sentence_sotho": "Monna e motle o hlahisa ngwana e mobe, lekhuni le hlahisa molora."
    },
    {
      "zulu_word": "Akukho muzi ungathunqi ntuthu",
      "english_translation": "There is no home that doesn't produce smoke",
      "swati_translation": "Akunalo lihlati lelingathunqi luthu",
      "sotho_translation": "Ha ho lelapa le sa hlahisang mosi",
      "pronunciation_guide": "ah-koo-khoh moo-zee oon-gah-thoon-kee ntoo-too",
      "part_of_speech": "proverb",
      "cultural_context": "This proverb acknowledges that every family experiences conflicts and challenges, just as every household produces smoke from cooking fires. It normalizes family disagreements as part of life.",
      "example_sentence_zulu": "Ungacabangi ukuthi umndeni wakho ungowakho wedwa onenkinga, akukho muzi ungathunqi ntuthu.",
      "example_sentence_english": "Don't think your family is the only one with problems, there is no home that doesn't produce smoke.",
      "example_sentence_swati": "Ungacabangi kutsi libandla lakho ngelilakho lodvwa lelinekinga, akunalo lihlati lelingathunqi luthu.",
      "example_sentence_sotho": "Se nahane hore lelapa la hau ke la hau feela le nang le mathata, ha ho lelapa le sa hlahisang mosi."
    },
    {
      "zulu_word": "Induku kayinamuzi",
      "english_translation": "Violence has no home",
      "swati_translation": "Indvuku ayinalo lihlati",
      "sotho_translation": "Lerumo ha le na lelapa",
      "pronunciation_guide": "een-doo-koo kah-yee-nah-moo-zee",
      "part_of_speech": "proverb",
      "cultural_context": "This proverb condemns domestic violence and emphasizes that a home cannot thrive where there is physical abuse or intimidation. It promotes peaceful conflict resolution within families.",
      "example_sentence_zulu": "Yeka ukushaya abantwana, induku kayinamuzi.",
      "example_sentence_english": "Stop beating the children, violence has no home.",
      "example_sentence_swati": "Yeka kushaya bantfwana, indvuku ayinalo lihlati.",
      "example_sentence_sotho": "Tloha o otla bana, lerumo ha le na lelapa."
    },
    {
      "zulu_word": "Igugu liyadonsiswana",
      "english_translation": "A precious thing is pulled together",
      "swati_translation": "Ligugu liyadonsiswana",
      "sotho_translation": "Sefate se khahlehang se hula 'moho",
      "pronunciation_guide": "ee-goo-goo lee-yah-dohn-see-swah-nah",
      "part_of_speech": "proverb",
      "cultural_context": "This proverb emphasizes the importance of cooperation and mutual support among family members. It suggests that valuable relationships require collective effort and understanding to maintain.",
      "example_sentence_zulu": "Sizodonsiswana sonke, igugu liyadonsiswana.",
      "example_sentence_english": "We will all pull together, a precious thing is pulled together.",
      "example_sentence_swati": "Sitawudonsiswana sonkhe, ligugu liyadonsiswana.",
      "example_sentence_sotho": "Re tla hula 'moho, sefate se khahlehang se hula 'moho."
    },
    {
      "zulu_word": "Izaba zomlomo",
      "english_translation": "Just a few words",
      "swati_translation": "Tintfo letimcane temlomo",
      "sotho_translation": "Lentsoe feela",
      "pronunciation_guide": "ee-zah-bah zohm-loh-moh",
      "part_of_speech": "idiom",
      "cultural_context": "This idiom refers to something insignificant or trivial - just a few spoken words without much substance or importance. It's used to downplay the significance of what was said.",
      "example_sentence_zulu": "Angishongo lutho, kwakuyizaba zomlomo.",
      "example_sentence_english": "I didn't say anything important, it was just a few words.",
      "example_sentence_swati": "Angishongo lutho, kwakuyintfo letimcane temlomo.",
      "example_sentence_sotho": "Ha kea se bolela letho, e ne e le lentsoe feela."
    },
    {
      "zulu_word": "Ukwakha umkhanya",
      "english_translation": "To look at intently",
      "swati_translation": "Kuwakha umkhanya",
      "sotho_translation": "Ho shebella ka hloko",
      "pronunciation_guide": "oo-kwah-kah oom-khah-nyah",
      "part_of_speech": "idiom",
      "cultural_context": "This idiom means to stare at something or someone with great focus and intensity, often with curiosity, suspicion, or deep interest.",
      "example_sentence_zulu": "Wayengiwakha umkhanya engiqonda ukuthi ufuna ukwazi into ethile.",
      "example_sentence_english": "He was staring at me intently, I could tell he wanted to know something.",
      "example_sentence_swati": "Wayengiwakha umkhanya angicondza kutsi ufuna kwati intfo letile.",
      "example_sentence_sotho": "O ne a ntse a ntsheba ka hloko, ke ne ke utloa hore o batla ho tseba ntho e itseng."
    },
    {
      "zulu_word": "Ukwakha ugobe",
      "english_translation": "To plot against someone",
      "swati_translation": "Kuwakha ugobe",
      "sotho_translation": "Ho rera khahlano le motho",
      "pronunciation_guide": "oo-kwah-kah oo-goh-beh",
      "part_of_speech": "idiom",
      "cultural_context": "This idiom refers to the act of scheming or making plans to trouble or undermine someone. It reflects the cultural awareness of interpersonal politics and conflicts.",
      "example_sentence_zulu": "Bayangiwakha ugobe, ngizolinda nje.",
      "example_sentence_english": "They are plotting against me, I will just wait and see.",
      "example_sentence_swati": "Bangiwakha ugobe, ngitolinda nje.",
      "example_sentence_sotho": "Ba ntrella khahlano, ke tla emela feela."
    },
    {
      "zulu_word": "Ukwakheka komuntu",
      "english_translation": "The physique of a person",
      "swati_translation": "Kuwakheka kwemuntfu",
      "sotho_translation": "Seabopeho sa motho",
      "pronunciation_guide": "oo-kwah-kheh-kah koh-moon-too",
      "part_of_speech": "idiom",
      "cultural_context": "This phrase refers to a person's physical build or body structure. In Zulu culture, physical appearance is often discussed in relation to health, strength, and beauty standards.",
      "example_sentence_zulu": "Ukwakheka kwakhe komuntu kuhle, umzimba wakhe muhle.",
      "example_sentence_english": "His physique is beautiful, his body is well-built.",
      "example_sentence_swati": "Kuwakheka kwakhe kwemuntfu kuhle, umtimba wakhe muhle.",
      "example_sentence_sotho": "Seabopeho sa hae sa motho se ntle, 'mele oa hae o haholo."
    },
    {
      "zulu_word": "Ukubeka izandla",
      "english_translation": "To bless or pray for",
      "swati_translation": "Kubeka tandla",
      "sotho_translation": "Ho bega matsoho",
      "pronunciation_guide": "oo-koo-beh-kah ee-zahn-dlah",
      "part_of_speech": "idiom",
      "cultural_context": "This idiom refers to the act of blessing someone or praying for them, often with hands placed on the person's head. It reflects the spiritual practices and importance of blessings in Zulu culture.",
      "example_sentence_zulu": "Umfundisi ubeke izandla entombazaneni.",
      "example_sentence_english": "The pastor blessed the young woman.",
      "example_sentence_swati": "Umfundisi ubeke tandla entfombini.",
      "example_sentence_sotho": "Mofere-fere o begetse matsoho ngoananyaneng."
    },
    {
      "zulu_word": "Ukubuya ngezandla",
      "english_translation": "To return empty-handed",
      "swati_translation": "Kubuya ngetandla",
      "sotho_translation": "Ho khutla o se na letho",
      "pronunciation_guide": "oo-koo-boo-yah ngeh-zahn-dlah",
      "part_of_speech": "idiom",
      "cultural_context": "This idiom describes returning from an endeavor without achieving the desired outcome or bringing back anything. It emphasizes disappointment and unmet expectations.",
      "example_sentence_zulu": "Wabuya ngezandla emakethe, wazishayela izandla.",
      "example_sentence_english": "He returned empty-handed from the market, very disappointed.",
      "example_sentence_swati": "Wabuya ngetandla emakethe, wazitjelela tandla.",
      "example_sentence_sotho": "O khutletse a se na letho marakeng, o ile a ipshoma ka matsoho."
    },
    {
      "zulu_word": "Ukuba yisandla",
      "english_translation": "To be a right-hand man or assistant",
      "swati_translation": "Kuba yisandla",
      "sotho_translation": "Ho ba letsoho le letona",
      "pronunciation_guide": "oo-koo-bah yee-sahn-dlah",
      "part_of_speech": "idiom",
      "cultural_context": "This idiom refers to being someone's trusted helper or deputy. It reflects the importance of reliable support systems in both family and community structures.",
      "example_sentence_zulu": "Uyisandla sikababa, umsiza ngayonke into.",
      "example_sentence_english": "He is father's right-hand man, he helps him with everything.",
      "example_sentence_swati": "Uyisandla sakababe, umsita yonkhe intfo.",
      "example_sentence_sotho": "Ke letsoho le letona la ntate, o mo thusa ka lintho tsohle."
    },
    {
      "zulu_word": "Ukwanelwa wukufa",
      "english_translation": "To be extremely frightened",
      "swati_translation": "Kwanelwa kwakufa",
      "sotho_translation": "Ho tshoha haholo",
      "pronunciation_guide": "oo-kwah-nehl-wah woo-koo-fah",
      "part_of_speech": "idiom",
      "cultural_context": "This vivid idiom describes being terrified to the point of feeling overwhelmed by fear, as if death itself has taken over. It expresses extreme emotional distress.",
      "example_sentence_zulu": "Ngiyanelwa wukufa uma ngibona izipoki.",
      "example_sentence_english": "I get extremely frightened when I see ghosts.",
      "example_sentence_swati": "Ngiyanelwa kwakufa uma ngibona tipoki.",
      "example_sentence_sotho": "Ke tshoha haholo ha ke bona lipoko."
    },
    {
      "zulu_word": "Ukwanelwa yinto",
      "english_translation": "To be fed up or disgusted",
      "swati_translation": "Kwanelwa yintfo",
      "sotho_translation": "Ho teneha",
      "pronunciation_guide": "oo-kwah-nehl-wah yeen-toh",
      "part_of_speech": "idiom",
      "cultural_context": "This idiom expresses being completely tired of or disgusted by something. It conveys a sense of saturation and the need for change or relief from a situation.",
      "example_sentence_zulu": "Ngiyanelwa yilendaba, angisafuni ukuyizwa.",
      "example_sentence_english": "I'm fed up with this matter, I don't want to hear about it anymore.",
      "example_sentence_swati": "Ngiyanelwa yilendzaba, angisafuni kuyizwa.",
      "example_sentence_sotho": "Ke tenehile ka taba ena, ha ke sa batla ho e utloa."
    },
    {
      "zulu_word": "Ukukhetha amabala",
      "english_translation": "To select carefully",
      "swati_translation": "Kukhetha emabala",
      "sotho_translation": "Ho khetha ka hloko",
      "pronunciation_guide": "oo-koo-kheh-tah ah-mah-bah-lah",
      "part_of_speech": "idiom",
      "cultural_context": "This idiom means to choose or pick with great care and attention to detail. It reflects the value placed on thoughtful decision-making in Zulu culture.",
      "example_sentence_zulu": "Wakhetha amabala izingubo zakhe, ufuna ukuba muhle.",
      "example_sentence_english": "She selected her clothes carefully, she wants to look beautiful.",
      "example_sentence_swati": "Wakhetha emabala tingubo takhe, ufuna kuba muhle.",
      "example_sentence_sotho": "O khethile liaparo tsa hae ka hloko, o batla ho shebahala hantle."
    },
    {
      "zulu_word": "Ukudla ngamabala",
      "english_translation": "To be well-known",
      "swati_translation": "Kudla ngemabala",
      "sotho_translation": "Ho tsebeha haholo",
      "pronunciation_guide": "oo-koo-dlah ngah-mah-bah-lah",
      "part_of_speech": "idiom",
      "cultural_context": "This idiom describes someone who is famous or widely recognized, comparing their recognition to the distinctiveness of different colors. It emphasizes public recognition and reputation.",
      "example_sentence_zulu": "Udla ngamabala kuleli dolobha, wonke umuntu uyamazi.",
      "example_sentence_english": "He is well-known in this town, everyone knows him.",
      "example_sentence_swati": "Udla ngemabala kulelidolobha, wonkhe umuntfu uyamati.",
      "example_sentence_sotho": "O tsebeha haholo toropong ena, motho e mong le e mong o mo tseba."
    },
    {
      "zulu_word": "Ukubuza etsheni",
      "english_translation": "To ask a stone",
      "swati_translation": "Kubuza etsheni",
      "sotho_translation": "Ho botsa lejoe",
      "pronunciation_guide": "oo-koo-boo-zah eht-sheh-nee",
      "part_of_speech": "idiom",
      "cultural_context": "This idiom describes the futility of asking someone who cannot or will not provide an answer. It's used when seeking information from an uncooperative or ignorant source.",
      "example_sentence_zulu": "Uyobuza etsheni uma ufuna impendulo kuyena.",
      "example_sentence_english": "You will be asking a stone if you want an answer from him.",
      "example_sentence_swati": "Utawubuza etsheni uma ufuna impendulo kuye.",
      "example_sentence_sotho": "U tla be u botsa lejoe ha u batla karabo ho eena."
    }
  ]
}